date,ticker,close_px
2021-01-04,SPY,377.341382
2021-01-05,SPY,370.082564
2021-01-06,SPY,369.118813
2021-01-07,SPY,371.004520
2021-01-08,SPY,369.965767
2021-01-11,SPY,372.262548
2021-01-12,SPY,370.355903
2021-01-13,SPY,371.914344
2021-01-14,SPY,370.581918
2021-01-15,SPY,369.175894
2021-01-18,SPY,369.316839
2021-01-19,SPY,369.942998
2021-01-20,SPY,369.532421
2021-01-21,SPY,367.964381
2021-01-22,SPY,372.205298
2021-01-25,SPY,370.724566
2021-01-26,SPY,365.882680
2021-01-27,SPY,364.872170
2021-01-28,SPY,361.459413
2021-01-29,SPY,358.318903
2021-02-01,SPY,360.024070
2021-02-02,SPY,358.447886
2021-02-03,SPY,358.398172
2021-02-04,SPY,359.561330
2021-02-05,SPY,358.367588
2021-02-08,SPY,355.815291
2021-02-09,SPY,352.739905
2021-02-10,SPY,350.359199
2021-02-11,SPY,342.999161
2021-02-12,SPY,344.102789
2021-02-15,SPY,347.470108
2021-02-16,SPY,343.668550
2021-02-17,SPY,342.493161
2021-02-18,SPY,340.617396
2021-02-19,SPY,336.421446
2021-02-22,SPY,333.141341
2021-02-23,SPY,331.602449
2021-02-24,SPY,332.598765
2021-02-25,SPY,337.086637
2021-02-26,SPY,340.430122
2021-03-01,SPY,343.392909
2021-03-02,SPY,344.068677
2021-03-03,SPY,344.664504
2021-03-04,SPY,347.943444
2021-03-05,SPY,353.376615
2021-03-08,SPY,354.925247
2021-03-09,SPY,358.732565
2021-03-10,SPY,356.245227
2021-03-11,SPY,353.480265
2021-03-12,SPY,356.709989
2021-03-15,SPY,362.203871
2021-03-16,SPY,362.455431
2021-03-17,SPY,361.621505
2021-03-18,SPY,356.539364
2021-03-19,SPY,361.509779
2021-03-22,SPY,359.927498
2021-03-23,SPY,361.123397
2021-03-24,SPY,358.152085
2021-03-25,SPY,357.105019
2021-03-26,SPY,357.150019
2021-03-29,SPY,356.876231
2021-03-30,SPY,349.736404
2021-03-31,SPY,346.249825
2021-04-01,SPY,347.394014
2021-04-02,SPY,347.629124
2021-04-05,SPY,344.972257
2021-04-06,SPY,347.270332
2021-04-07,SPY,349.008922
2021-04-08,SPY,347.758177
2021-04-09,SPY,343.483304
2021-04-12,SPY,341.802092
2021-04-13,SPY,346.848143
2021-04-14,SPY,348.256229
2021-04-15,SPY,340.944269
2021-04-16,SPY,340.607577
2021-04-19,SPY,336.206935
2021-04-20,SPY,335.929993
2021-04-21,SPY,335.108315
2021-04-22,SPY,337.874295
2021-04-23,SPY,335.913092
2021-04-26,SPY,338.994432
2021-04-27,SPY,335.050909
2021-04-28,SPY,336.061500
2021-04-29,SPY,336.709533
2021-04-30,SPY,338.280756
2021-05-03,SPY,346.465238
2021-05-04,SPY,343.180497
2021-05-05,SPY,342.319694
2021-05-06,SPY,345.473461
2021-05-07,SPY,349.253430
2021-05-10,SPY,346.831006
2021-05-11,SPY,351.355203
2021-05-12,SPY,350.795582
2021-05-13,SPY,349.780696
2021-05-14,SPY,342.702379
2021-05-17,SPY,347.498827
2021-05-18,SPY,346.717039
2021-05-19,SPY,348.136664
2021-05-20,SPY,351.833615
2021-05-21,SPY,359.747985
2021-05-24,SPY,361.177553
2021-05-25,SPY,359.574476
2021-05-26,SPY,364.242493
2021-05-27,SPY,362.829976
2021-05-28,SPY,367.199620
2021-05-31,SPY,368.624189
2021-06-01,SPY,372.705779
2021-06-02,SPY,381.887898
2021-06-03,SPY,388.423697
2021-06-04,SPY,392.854794
2021-06-07,SPY,393.693084
2021-06-08,SPY,387.157706
2021-06-09,SPY,385.810950
2021-06-10,SPY,384.481799
2021-06-11,SPY,386.184876
2021-06-14,SPY,388.176514
2021-06-15,SPY,383.646981
2021-06-16,SPY,382.006895
2021-06-17,SPY,388.368912
2021-06-18,SPY,389.631626
2021-06-21,SPY,390.242180
2021-06-22,SPY,394.841236
2021-06-23,SPY,393.834576
2021-06-24,SPY,388.544999
2021-06-25,SPY,390.459937
2021-06-28,SPY,387.459629
2021-06-29,SPY,388.590323
2021-06-30,SPY,392.266743
2021-07-01,SPY,392.701306
2021-07-02,SPY,391.197068
2021-07-05,SPY,393.748925
2021-07-06,SPY,394.998314
2021-07-07,SPY,397.904034
2021-07-08,SPY,395.944606
2021-07-09,SPY,396.925546
2021-07-12,SPY,398.393165
2021-07-13,SPY,394.302720
2021-07-14,SPY,395.344111
2021-07-15,SPY,394.726119
2021-07-16,SPY,394.701441
2021-07-19,SPY,395.677536
2021-07-20,SPY,401.161314
2021-07-21,SPY,397.987346
2021-07-22,SPY,401.314198
2021-07-23,SPY,403.717667
2021-07-26,SPY,399.008059
2021-07-27,SPY,398.441328
2021-07-28,SPY,392.514182
2021-07-29,SPY,386.879300
2021-07-30,SPY,388.840977
2021-08-02,SPY,378.980158
2021-08-03,SPY,376.452396
2021-08-04,SPY,383.038197
2021-08-05,SPY,380.793099
2021-08-06,SPY,385.961206
2021-08-09,SPY,383.442463
2021-08-10,SPY,381.770002
2021-08-11,SPY,383.025076
2021-08-12,SPY,384.054723
2021-08-13,SPY,379.469223
2021-08-16,SPY,379.936958
2021-08-17,SPY,382.232896
2021-08-18,SPY,377.067144
2021-08-19,SPY,379.735752
2021-08-20,SPY,386.061057
2021-08-23,SPY,386.144092
2021-08-24,SPY,388.969578
2021-08-25,SPY,386.055114
2021-08-26,SPY,382.559377
2021-08-27,SPY,376.471821
2021-08-30,SPY,379.120594
2021-08-31,SPY,377.179326
2021-09-01,SPY,374.449162
2021-09-02,SPY,372.633639
2021-09-03,SPY,373.771863
2021-09-06,SPY,374.606782
2021-09-07,SPY,369.551679
2021-09-08,SPY,368.467791
2021-09-09,SPY,368.733089
2021-09-10,SPY,373.139715
2021-09-13,SPY,370.214807
2021-09-14,SPY,362.502968
2021-09-15,SPY,361.326499
2021-09-16,SPY,357.538282
2021-09-17,SPY,365.737398
2021-09-20,SPY,366.658734
2021-09-21,SPY,363.191675
2021-09-22,SPY,365.580396
2021-09-23,SPY,366.202108
2021-09-24,SPY,371.306468
2021-09-27,SPY,372.974407
2021-09-28,SPY,370.061941
2021-09-29,SPY,371.273320
2021-09-30,SPY,371.367927
2021-10-01,SPY,366.192828
2021-10-04,SPY,361.985749
2021-10-05,SPY,359.437152
2021-10-06,SPY,353.658917
2021-10-07,SPY,355.643842
2021-10-08,SPY,351.543510
2021-10-11,SPY,354.172619
2021-10-12,SPY,351.428253
2021-10-13,SPY,348.756341
2021-10-14,SPY,353.060974
2021-10-15,SPY,353.081936
2021-10-18,SPY,350.250788
2021-10-19,SPY,353.248992
2021-10-20,SPY,351.129809
2021-10-21,SPY,351.296929
2021-10-22,SPY,350.798608
2021-10-25,SPY,349.348545
2021-10-26,SPY,350.771877
2021-10-27,SPY,349.121394
2021-10-28,SPY,348.384543
2021-10-29,SPY,347.741398
2021-11-01,SPY,352.606149
2021-11-02,SPY,354.803550
2021-11-03,SPY,357.498408
2021-11-04,SPY,359.535323
2021-11-05,SPY,358.547636
2021-11-08,SPY,360.455928
2021-11-09,SPY,366.941442
2021-11-10,SPY,361.181655
2021-11-11,SPY,359.832874
2021-11-12,SPY,350.723113
2021-11-15,SPY,347.456564
2021-11-16,SPY,353.173933
2021-11-17,SPY,353.848562
2021-11-18,SPY,350.493194
2021-11-19,SPY,353.238395
2021-11-22,SPY,351.305887
2021-11-23,SPY,350.054276
2021-11-24,SPY,343.395854
2021-11-25,SPY,345.164924
2021-11-26,SPY,346.118249
2021-11-29,SPY,345.372164
2021-11-30,SPY,347.992145
2021-12-01,SPY,349.716454
2021-12-02,SPY,349.448684
2021-12-03,SPY,348.207032
2021-12-06,SPY,344.889968
2021-12-07,SPY,342.544880
2021-12-08,SPY,348.926531
2021-12-09,SPY,354.352296
2021-12-10,SPY,344.171360
2021-12-13,SPY,343.946480
2021-12-14,SPY,345.877243
2021-12-15,SPY,345.146909
2021-12-16,SPY,343.640750
2021-12-17,SPY,344.692725
2021-12-20,SPY,342.272804
2021-12-21,SPY,340.936452
2021-12-22,SPY,338.389798
2021-12-23,SPY,336.127489
2021-12-24,SPY,337.151081
2021-12-27,SPY,345.487664
2021-12-28,SPY,343.773627
2021-12-29,SPY,343.078068
2021-12-30,SPY,338.123772
2021-12-31,SPY,333.338401
2022-01-03,SPY,335.650331
2022-01-04,SPY,331.364268
2022-01-05,SPY,330.625605
2022-01-06,SPY,325.764616
2022-01-07,SPY,330.704040
2022-01-10,SPY,335.484256
2022-01-11,SPY,340.832828
2022-01-12,SPY,342.390148
2022-01-13,SPY,344.043748
2022-01-14,SPY,342.185789
2022-01-17,SPY,337.432571
2022-01-18,SPY,338.134863
2022-01-19,SPY,336.103475
2022-01-20,SPY,335.827115
2022-01-21,SPY,336.113564
2022-01-24,SPY,340.587635
2022-01-25,SPY,342.875381
2022-01-26,SPY,335.694043
2022-01-27,SPY,337.403436
2022-01-28,SPY,337.393149
2022-01-31,SPY,336.917173
2022-02-01,SPY,338.197326
2022-02-02,SPY,329.247049
2022-02-03,SPY,329.476767
2022-02-04,SPY,329.310900
2022-02-07,SPY,328.489005
2022-02-08,SPY,322.025622
2022-02-09,SPY,319.661259
2022-02-10,SPY,320.390960
2022-02-11,SPY,317.304515
2022-02-14,SPY,314.720561
2022-02-15,SPY,313.654390
2022-02-16,SPY,314.206799
2022-02-17,SPY,318.780171
2022-02-18,SPY,318.360115
2022-02-21,SPY,317.894264
2022-02-22,SPY,315.045388
2022-02-23,SPY,315.621907
2022-02-24,SPY,316.193044
2022-02-25,SPY,312.445055
2022-02-28,SPY,310.503760
2022-03-01,SPY,312.573200
2022-03-02,SPY,312.488062
2022-03-03,SPY,307.882366
2022-03-04,SPY,306.540556
2022-03-07,SPY,307.663796
2022-03-08,SPY,313.339919
2022-03-09,SPY,312.357469
2022-03-10,SPY,313.449574
2022-03-11,SPY,313.442853
2022-03-14,SPY,313.890241
2022-03-15,SPY,310.229242
2022-03-16,SPY,311.476453
2022-03-17,SPY,310.739977
2022-03-18,SPY,310.123600
2022-03-21,SPY,314.562305
2022-03-22,SPY,311.822065
2022-03-23,SPY,306.866009
2022-03-24,SPY,304.447150
2022-03-25,SPY,302.771340
2022-03-28,SPY,299.505038
2022-03-29,SPY,300.099302
2022-03-30,SPY,297.186760
2022-03-31,SPY,296.320929
2022-04-01,SPY,298.184357
2022-04-04,SPY,299.705350
2022-04-05,SPY,298.534529
2022-04-06,SPY,295.240439
2022-04-07,SPY,297.032018
2022-04-08,SPY,299.174456
2022-04-11,SPY,298.326332
2022-04-12,SPY,294.517107
2022-04-13,SPY,290.524091
2022-04-14,SPY,294.815753
2022-04-15,SPY,295.162033
2022-04-18,SPY,295.694494
2022-04-19,SPY,295.282028
2022-04-20,SPY,294.886023
2022-04-21,SPY,300.606300
2022-04-22,SPY,297.818545
2022-04-25,SPY,298.107502
2022-04-26,SPY,295.576115
2022-04-27,SPY,294.796589
2022-04-28,SPY,297.347526
2022-04-29,SPY,295.717056
2022-05-02,SPY,296.603902
2022-05-03,SPY,299.471392
2022-05-04,SPY,297.244446
2022-05-05,SPY,298.698758
2022-05-06,SPY,295.686864
2022-05-09,SPY,292.598828
2022-05-10,SPY,289.381145
2022-05-11,SPY,290.655474
2022-05-12,SPY,291.572554
2022-05-13,SPY,287.220217
2022-05-16,SPY,287.381988
2022-05-17,SPY,283.588363
2022-05-18,SPY,282.778443
2022-05-19,SPY,283.314768
2022-05-20,SPY,285.629765
2022-05-23,SPY,285.801027
2022-05-24,SPY,284.154833
2022-05-25,SPY,281.717851
2022-05-26,SPY,283.319727
2022-05-27,SPY,279.506540
2022-05-30,SPY,277.869984
2022-05-31,SPY,277.489687
2022-06-01,SPY,279.023084
2022-06-02,SPY,277.758133
2022-06-03,SPY,280.738145
2022-06-06,SPY,279.000526
2022-06-07,SPY,276.266982
2022-06-08,SPY,276.963374
2022-06-09,SPY,273.846161
2022-06-10,SPY,273.399168
2022-06-13,SPY,273.936152
2022-06-14,SPY,276.121144
2022-06-15,SPY,277.090685
2022-06-16,SPY,277.908897
2022-06-17,SPY,279.209716
2022-06-20,SPY,282.292663
2022-06-21,SPY,280.720254
2022-06-22,SPY,279.888193
2022-06-23,SPY,281.805913
2022-06-24,SPY,278.427793
2022-06-27,SPY,279.753492
2022-06-28,SPY,280.823772
2022-06-29,SPY,281.914505
2022-06-30,SPY,284.345183
2022-07-01,SPY,282.148874
2022-07-04,SPY,281.159413
2022-07-05,SPY,278.651392
2022-07-06,SPY,274.224599
2022-07-07,SPY,274.998309
2022-07-08,SPY,271.448748
2022-07-11,SPY,271.531533
2022-07-12,SPY,270.657903
2022-07-13,SPY,269.918373
2022-07-14,SPY,269.297325
2022-07-15,SPY,269.628846
2022-07-18,SPY,274.636295
2022-07-19,SPY,273.522909
2022-07-20,SPY,272.525961
2022-07-21,SPY,271.481925
2022-07-22,SPY,272.434565
2022-07-25,SPY,268.785777
2022-07-26,SPY,271.384777
2022-07-27,SPY,274.845889
2022-07-28,SPY,278.367061
2022-07-29,SPY,277.665788
2022-08-01,SPY,279.407377
2022-08-02,SPY,277.491241
2022-08-03,SPY,276.149503
2022-08-04,SPY,278.763415
2022-08-05,SPY,280.400434
2022-08-08,SPY,275.184441
2022-08-09,SPY,271.973949
2022-08-10,SPY,274.503694
2022-08-11,SPY,276.663159
2022-08-12,SPY,275.912866
2022-08-15,SPY,273.047423
2022-08-16,SPY,276.223058
2022-08-17,SPY,274.994793
2022-08-18,SPY,273.852430
2022-08-19,SPY,274.767032
2022-08-22,SPY,278.645105
2022-08-23,SPY,280.270670
2022-08-24,SPY,284.739202
2022-08-25,SPY,283.035751
2022-08-26,SPY,283.778806
2022-08-29,SPY,284.972431
2022-08-30,SPY,288.128359
2022-08-31,SPY,283.488237
2022-09-01,SPY,282.098602
2022-09-02,SPY,283.694567
2022-09-05,SPY,278.627585
2022-09-06,SPY,284.968779
2022-09-07,SPY,282.947591
2022-09-08,SPY,284.755738
2022-09-09,SPY,286.640352
2022-09-12,SPY,285.721125
2022-09-13,SPY,285.232612
2022-09-14,SPY,291.870029
2022-09-15,SPY,293.273714
2022-09-16,SPY,294.537175
2022-09-19,SPY,292.824276
2022-09-20,SPY,295.137291
2022-09-21,SPY,295.356406
2022-09-22,SPY,300.532988
2022-09-23,SPY,300.276843
2022-09-26,SPY,301.246632
2022-09-27,SPY,300.801947
2022-09-28,SPY,299.126741
2022-09-29,SPY,299.938671
2022-09-30,SPY,298.832565
2022-10-03,SPY,295.747031
2022-10-04,SPY,294.717113
2022-10-05,SPY,292.769901
2022-10-06,SPY,294.590577
2022-10-07,SPY,288.193675
2022-10-10,SPY,287.117743
2022-10-11,SPY,289.026665
2022-10-12,SPY,289.652920
2022-10-13,SPY,290.181312
2022-10-14,SPY,293.225568
2022-10-17,SPY,292.089593
2022-10-18,SPY,293.067133
2022-10-19,SPY,291.987886
2022-10-20,SPY,290.481308
2022-10-21,SPY,291.170050
2022-10-24,SPY,288.726222
2022-10-25,SPY,289.059143
2022-10-26,SPY,292.648050
2022-10-27,SPY,295.844795
2022-10-28,SPY,294.963207
2022-10-31,SPY,288.745455
2022-11-01,SPY,291.426005
2022-11-02,SPY,292.762092
2022-11-03,SPY,292.272044
2022-11-04,SPY,294.259713
2022-11-07,SPY,297.249568
2022-11-08,SPY,294.794485
2022-11-09,SPY,297.656618
2022-11-10,SPY,296.384981
2022-11-11,SPY,297.003721
2022-11-14,SPY,304.132419
2022-11-15,SPY,303.041897
2022-11-16,SPY,301.287702
2022-11-17,SPY,301.217321
2022-11-18,SPY,305.422317
2022-11-21,SPY,304.360751
2022-11-22,SPY,302.561618
2022-11-23,SPY,305.291680
2022-11-24,SPY,308.858312
2022-11-25,SPY,307.999402
2022-11-28,SPY,308.489026
2022-11-29,SPY,311.440331
2022-11-30,SPY,309.068256
2022-12-01,SPY,312.673454
2022-12-02,SPY,311.587241
2022-12-05,SPY,307.730973
2022-12-06,SPY,308.225826
2022-12-07,SPY,311.603618
2022-12-08,SPY,309.528534
2022-12-09,SPY,309.546581
2022-12-12,SPY,309.275259
2022-12-13,SPY,311.864363
2022-12-14,SPY,312.267346
2022-12-15,SPY,315.824086
2022-12-16,SPY,316.527380
2022-12-19,SPY,316.730690
2022-12-20,SPY,318.097090
2022-12-21,SPY,320.324288
2022-12-22,SPY,318.557236
2022-12-23,SPY,318.829940
2022-12-26,SPY,319.910906
2022-12-27,SPY,322.856644
2022-12-28,SPY,327.366727
2022-12-29,SPY,332.004118
2022-12-30,SPY,335.711788
2023-01-02,SPY,336.685445
2023-01-03,SPY,338.404463
2023-01-04,SPY,342.223974
2023-01-05,SPY,342.137332
2023-01-06,SPY,343.839243
2023-01-09,SPY,345.008178
2023-01-10,SPY,345.802904
2023-01-11,SPY,341.465658
2023-01-12,SPY,346.070836
2023-01-13,SPY,342.532341
2023-01-16,SPY,340.702391
2023-01-17,SPY,340.448612
2023-01-18,SPY,344.712290
2023-01-19,SPY,341.304351
2023-01-20,SPY,343.899086
2023-01-23,SPY,343.614024
2023-01-24,SPY,343.537512
2023-01-25,SPY,341.346117
2023-01-26,SPY,340.517908
2023-01-27,SPY,337.469513
2023-01-30,SPY,340.738452
2023-01-31,SPY,342.342538
2023-02-01,SPY,338.167248
2023-02-02,SPY,336.048836
2023-02-03,SPY,334.713137
2023-02-06,SPY,332.085005
2023-02-07,SPY,341.017173
2023-02-08,SPY,342.240433
2023-02-09,SPY,341.130553
2023-02-10,SPY,341.637247
2023-02-13,SPY,347.740192
2023-02-14,SPY,348.549152
2023-02-15,SPY,349.806620
2023-02-16,SPY,347.596791
2023-02-17,SPY,346.494319
2023-02-20,SPY,348.754679
2023-02-21,SPY,348.286094
2023-02-22,SPY,347.532197
2023-02-23,SPY,345.415826
2023-02-24,SPY,350.238733
2023-02-27,SPY,348.505500
2023-02-28,SPY,349.786102
2023-03-01,SPY,348.133642
2023-03-02,SPY,344.315152
2023-03-03,SPY,348.571557
2023-03-06,SPY,354.335895
2023-03-07,SPY,352.240439
2023-03-08,SPY,357.128261
2023-03-09,SPY,356.424852
2023-03-10,SPY,358.565082
2023-03-13,SPY,353.156553
2023-03-14,SPY,356.524833
2023-03-15,SPY,360.146686
2023-03-16,SPY,361.851912
2023-03-17,SPY,367.572854
2023-03-20,SPY,368.470834
2023-03-21,SPY,372.806290
2023-03-22,SPY,373.687990
2023-03-23,SPY,373.497076
2023-03-24,SPY,373.026637
2023-03-27,SPY,374.030759
2023-03-28,SPY,375.950517
2023-03-29,SPY,371.161960
2023-03-30,SPY,379.073788
2023-03-31,SPY,373.253401
2023-04-03,SPY,372.796051
2023-04-04,SPY,368.620334
2023-04-05,SPY,371.915541
2023-04-06,SPY,373.930983
2023-04-07,SPY,375.127625
2023-04-10,SPY,376.043202
2023-04-11,SPY,376.165505
2023-04-12,SPY,381.059651
2023-04-13,SPY,382.541441
2023-04-14,SPY,380.871486
2023-04-17,SPY,380.629656
2023-04-18,SPY,378.908565
2023-04-19,SPY,377.400106
2023-04-20,SPY,376.907452
2023-04-21,SPY,381.681629
2023-04-24,SPY,380.313408
2023-04-25,SPY,383.575921
2023-04-26,SPY,380.976906
2023-04-27,SPY,378.563371
2023-04-28,SPY,375.449247
2023-05-01,SPY,373.222549
2023-05-02,SPY,374.412757
2023-05-03,SPY,372.533218
2023-05-04,SPY,370.784356
2023-05-05,SPY,370.927015
2023-05-08,SPY,370.787235
2023-05-09,SPY,364.087768
2023-05-10,SPY,363.039329
2023-05-11,SPY,360.473839
2023-05-12,SPY,362.818355
2023-05-15,SPY,367.953545
2023-05-16,SPY,367.427980
2023-05-17,SPY,370.387206
2023-05-18,SPY,366.980000
2023-05-19,SPY,366.316432
2023-05-22,SPY,367.444256
2023-05-23,SPY,367.721266
2023-05-24,SPY,368.602548
2023-05-25,SPY,375.027713
2023-05-26,SPY,372.485628
2023-05-29,SPY,368.496989
2023-05-30,SPY,369.708958
2023-05-31,SPY,376.421273
2023-06-01,SPY,376.381874
2023-06-02,SPY,376.597627
2023-06-05,SPY,375.108700
2023-06-06,SPY,374.523907
2023-06-07,SPY,382.227152
2023-06-08,SPY,384.386664
2023-06-09,SPY,390.254659
2023-06-12,SPY,388.767786
2023-06-13,SPY,383.608860
2023-06-14,SPY,379.475176
2023-06-15,SPY,372.386778
2023-06-16,SPY,377.148288
2023-06-19,SPY,377.800187
2023-06-20,SPY,376.874176
2023-06-21,SPY,374.510654
2023-06-22,SPY,374.129382
2023-06-23,SPY,376.193201
2023-06-26,SPY,377.619599
2023-06-27,SPY,379.110910
2023-06-28,SPY,377.625908
2023-06-29,SPY,377.507890
2023-06-30,SPY,378.287055
2023-07-03,SPY,373.769975
2023-07-04,SPY,374.676790
2023-07-05,SPY,377.460822
2023-07-06,SPY,384.151741
2023-07-07,SPY,387.043685
2023-07-10,SPY,390.633628
2023-07-11,SPY,393.301782
2023-07-12,SPY,395.387487
2023-07-13,SPY,401.955598
2023-07-14,SPY,403.936728
2023-07-17,SPY,405.172792
2023-07-18,SPY,401.686003
2023-07-19,SPY,409.828364
2023-07-20,SPY,410.741388
2023-07-21,SPY,413.317578
2023-07-24,SPY,419.362512
2023-07-25,SPY,422.030636
2023-07-26,SPY,420.932309
2023-07-27,SPY,421.139817
2023-07-28,SPY,425.234763
2023-07-31,SPY,431.505811
2023-08-01,SPY,427.515723
2023-08-02,SPY,426.727840
2023-08-03,SPY,422.866515
2023-08-04,SPY,421.597748
2023-08-07,SPY,413.489352
2023-08-08,SPY,409.006267
2023-08-09,SPY,413.242014
2023-08-10,SPY,415.222069
2023-08-11,SPY,413.021428
2023-08-14,SPY,408.700828
2023-08-15,SPY,405.445989
2023-08-16,SPY,408.150317
2023-08-17,SPY,410.958424
2023-08-18,SPY,413.770969
2023-08-21,SPY,411.397997
2023-08-22,SPY,418.291051
2023-08-23,SPY,414.308231
2023-08-24,SPY,414.785424
2023-08-25,SPY,417.204317
2023-08-28,SPY,416.728460
2023-08-29,SPY,416.070135
2023-08-30,SPY,416.953404
2023-08-31,SPY,417.332109
2023-09-01,SPY,419.456364
2023-09-04,SPY,426.466442
2023-09-05,SPY,427.001658
2023-09-06,SPY,430.708292
2023-09-07,SPY,429.428569
2023-09-08,SPY,439.109489
2023-09-11,SPY,436.822578
2023-09-12,SPY,439.551997
2023-09-13,SPY,435.561828
2023-09-14,SPY,434.780110
2023-09-15,SPY,434.780583
2023-09-18,SPY,444.257981
2023-09-19,SPY,440.169548
2023-09-20,SPY,437.580785
2023-09-21,SPY,433.855210
2023-09-22,SPY,441.963184
2023-09-25,SPY,446.314771
2023-09-26,SPY,442.929161
2023-09-27,SPY,445.648664
2023-09-28,SPY,443.340011
2023-09-29,SPY,442.681422
2023-10-02,SPY,438.951937
2023-10-03,SPY,441.600383
2023-10-04,SPY,441.682566
2023-10-05,SPY,447.058819
2023-10-06,SPY,441.888569
2023-10-09,SPY,446.238009
2023-10-10,SPY,443.158390
2023-10-11,SPY,445.867626
2023-10-12,SPY,452.199605
2023-10-13,SPY,452.429256
2023-10-16,SPY,459.542481
2023-10-17,SPY,460.336964
2023-10-18,SPY,466.232879
2023-10-19,SPY,464.932266
2023-10-20,SPY,463.399929
2023-10-23,SPY,458.100669
2023-10-24,SPY,455.376489
2023-10-25,SPY,456.450860
2023-10-26,SPY,457.049199
2023-10-27,SPY,456.299518
2023-10-30,SPY,458.667685
2023-10-31,SPY,457.766154
2023-11-01,SPY,467.307280
2023-11-02,SPY,468.805716
2023-11-03,SPY,468.801555
2023-11-06,SPY,462.536288
2023-11-07,SPY,468.465053
2023-11-08,SPY,467.016825
2023-11-09,SPY,473.240786
2023-11-10,SPY,473.114460
2023-11-13,SPY,471.923079
2023-11-14,SPY,467.635449
2023-11-15,SPY,470.320675
2023-11-16,SPY,467.398811
2023-11-17,SPY,465.487403
2023-11-20,SPY,464.054658
2023-11-21,SPY,467.459881
2023-11-22,SPY,463.836853
2023-11-23,SPY,465.676484
2023-11-24,SPY,470.630740
2023-11-27,SPY,472.291843
2023-11-28,SPY,468.410838
2023-11-29,SPY,470.786377
2023-11-30,SPY,468.951231
2023-12-01,SPY,465.574471
2023-12-04,SPY,461.240356
2023-12-05,SPY,459.089036
2023-12-06,SPY,458.933692
2023-12-07,SPY,461.159752
2023-12-08,SPY,460.215354
2023-12-11,SPY,455.285677
2023-12-12,SPY,448.254283
2023-12-13,SPY,450.261065
2023-12-14,SPY,451.656036
2023-12-15,SPY,452.425650
2023-12-18,SPY,451.360593
2023-12-19,SPY,454.645348
2023-12-20,SPY,454.619347
2023-12-21,SPY,454.004218
2023-12-22,SPY,462.862552
2023-12-25,SPY,466.989337
2023-12-26,SPY,464.001575
2023-12-27,SPY,457.467693
2023-12-28,SPY,458.842749
2023-12-29,SPY,461.545094
2024-01-01,SPY,460.467731
2024-01-02,SPY,464.148295
2024-01-03,SPY,470.957767
2024-01-04,SPY,465.776277
2024-01-05,SPY,468.107753
2024-01-08,SPY,470.461101
2024-01-09,SPY,472.545989
2024-01-10,SPY,472.619631
2024-01-11,SPY,472.507191
2024-01-12,SPY,472.572538
2024-01-15,SPY,464.419034
2024-01-16,SPY,466.062012
2024-01-17,SPY,472.326804
2024-01-18,SPY,469.436510
2024-01-19,SPY,470.970830
2024-01-22,SPY,463.329061
2024-01-23,SPY,463.795711
2024-01-24,SPY,467.526408
2024-01-25,SPY,465.180634
2024-01-26,SPY,468.898185
2024-01-29,SPY,473.876908
2024-01-30,SPY,473.282224
2024-01-31,SPY,465.587656
2024-02-01,SPY,462.034631
2024-02-02,SPY,458.680090
2024-02-05,SPY,465.646830
2024-02-06,SPY,466.566409
2024-02-07,SPY,464.608302
2024-02-08,SPY,463.585695
2024-02-09,SPY,462.415975
2024-02-12,SPY,463.041638
2024-02-13,SPY,460.802543
2024-02-14,SPY,463.231914
2024-02-15,SPY,466.016232
2024-02-16,SPY,461.854018
2024-02-19,SPY,458.636394
2024-02-20,SPY,464.464680
2024-02-21,SPY,459.781666
2024-02-22,SPY,455.942157
2024-02-23,SPY,452.833978
2024-02-26,SPY,458.647689
2024-02-27,SPY,461.010649
2024-02-28,SPY,455.036852
2024-02-29,SPY,456.564939
2024-03-01,SPY,449.845729
2024-03-04,SPY,456.198805
2024-03-05,SPY,458.181215
2024-03-06,SPY,465.271749
2024-03-07,SPY,466.780850
2024-03-08,SPY,472.130097
2024-03-11,SPY,464.291676
2024-03-12,SPY,466.395849
2024-03-13,SPY,474.464123
2024-03-14,SPY,469.867527
2024-03-15,SPY,470.765659
2024-03-18,SPY,469.426469
2024-03-19,SPY,470.476165
2024-03-20,SPY,468.562351
2024-03-21,SPY,470.492097
2024-03-22,SPY,468.094442
2024-03-25,SPY,473.845506
2024-03-26,SPY,474.968658
2024-03-27,SPY,471.527480
2024-03-28,SPY,473.064028
2024-03-29,SPY,465.012575
2024-04-01,SPY,470.258454
2024-04-02,SPY,467.900965
2024-04-03,SPY,464.120526
2024-04-04,SPY,456.666460
2024-04-05,SPY,454.094922
2024-04-08,SPY,450.809225
2024-04-09,SPY,452.910809
2024-04-10,SPY,449.826501
2024-04-11,SPY,449.835320
2024-04-12,SPY,449.792418
2024-04-15,SPY,446.372077
2024-04-16,SPY,448.341286
2024-04-17,SPY,449.108148
2024-04-18,SPY,447.910174
2024-04-19,SPY,446.908784
2024-04-22,SPY,453.938177
2024-04-23,SPY,450.925129
2024-04-24,SPY,453.016932
2024-04-25,SPY,453.297563
2024-04-26,SPY,453.924993
2024-04-29,SPY,456.674079
2024-04-30,SPY,458.854696
2024-05-01,SPY,457.210575
2024-05-02,SPY,449.457059
2024-05-03,SPY,448.217723
2024-05-06,SPY,444.658962
2024-05-07,SPY,438.817307
2024-05-08,SPY,441.934679
2024-05-09,SPY,442.941597
2024-05-10,SPY,438.449805
2024-05-13,SPY,434.882474
2024-05-14,SPY,434.981220
2024-05-15,SPY,442.374966
2024-05-16,SPY,439.988596
2024-05-17,SPY,442.116647
2024-05-20,SPY,442.349174
2024-05-21,SPY,440.778868
2024-05-22,SPY,446.074896
2024-05-23,SPY,445.014370
2024-05-24,SPY,436.680541
2024-05-27,SPY,440.525203
2024-05-28,SPY,440.878292
2024-05-29,SPY,443.048091
2024-05-30,SPY,445.860329
2024-05-31,SPY,442.050237
2024-06-03,SPY,452.819867
2024-06-04,SPY,454.037558
2024-06-05,SPY,455.002365
2024-06-06,SPY,455.634161
2024-06-07,SPY,450.955364
2024-06-10,SPY,453.388398
2024-06-11,SPY,455.937633
2024-06-12,SPY,457.756428
2024-06-13,SPY,458.602318
2024-06-14,SPY,455.537140
2024-06-17,SPY,457.606343
2024-06-18,SPY,457.849494
2024-06-19,SPY,451.615143
2024-06-20,SPY,456.460219
2024-06-21,SPY,461.337501
2024-06-24,SPY,468.653792
2024-06-25,SPY,476.452651
2024-06-26,SPY,469.850345
2024-06-27,SPY,479.718059
2024-06-28,SPY,483.287768
2024-07-01,SPY,486.313740
2024-07-02,SPY,488.396970
2024-07-03,SPY,496.536196
2024-07-04,SPY,501.535629
2024-07-05,SPY,501.059145
2024-07-08,SPY,502.764058
2024-07-09,SPY,495.332841
2024-07-10,SPY,496.605010
2024-07-11,SPY,505.790584
2024-07-12,SPY,509.239788
2024-07-15,SPY,509.457157
2024-07-16,SPY,512.586902
2024-07-17,SPY,511.651517
2024-07-18,SPY,508.050792
2024-07-19,SPY,503.099679
2024-07-22,SPY,505.909990
2024-07-23,SPY,510.701977
2024-07-24,SPY,512.826920
2024-07-25,SPY,511.430904
2024-07-26,SPY,510.411298
2024-07-29,SPY,508.248269
2024-07-30,SPY,510.599575
2024-07-31,SPY,505.704411
2024-08-01,SPY,515.983626
2024-08-02,SPY,514.074760
2024-08-05,SPY,511.746873
2024-08-06,SPY,505.689876
2024-08-07,SPY,502.367568
2024-08-08,SPY,499.366037
2024-08-09,SPY,499.599359
2024-08-12,SPY,492.387693
2024-08-13,SPY,497.087797
2024-08-14,SPY,501.851198
2024-08-15,SPY,498.598627
2024-08-16,SPY,501.550096
2024-08-19,SPY,500.191682
2024-08-20,SPY,502.944438
2024-08-21,SPY,505.357698
2024-08-22,SPY,503.691564
2024-08-23,SPY,504.068719
2024-08-26,SPY,504.783996
2024-08-27,SPY,513.117674
2024-08-28,SPY,514.548794
2024-08-29,SPY,519.496349
2024-08-30,SPY,520.911348
2024-09-02,SPY,520.780001
2024-09-03,SPY,521.399973
2024-09-04,SPY,522.200628
2024-09-05,SPY,519.095758
2024-09-06,SPY,514.100900
2024-09-09,SPY,511.181844
2024-09-10,SPY,511.379258
2024-09-11,SPY,513.973104
2024-09-12,SPY,508.751193
2024-09-13,SPY,507.051175
2024-09-16,SPY,512.742349
2024-09-17,SPY,513.406701
2024-09-18,SPY,517.980083
2024-09-19,SPY,526.322828
2024-09-20,SPY,524.951870
2024-09-23,SPY,522.874764
2024-09-24,SPY,518.073416
2024-09-25,SPY,511.871809
2024-09-26,SPY,512.970867
2024-09-27,SPY,515.262941
2024-09-30,SPY,516.792777
2024-10-01,SPY,518.922859
2024-10-02,SPY,523.750574
2024-10-03,SPY,529.066864
2024-10-04,SPY,535.118626
2024-10-07,SPY,529.738138
2024-10-08,SPY,531.151568
2024-10-09,SPY,528.374093
2024-10-10,SPY,525.331452
2024-10-11,SPY,528.835641
2024-10-14,SPY,530.866946
2024-10-15,SPY,522.497271
2024-10-16,SPY,529.340553
2024-10-17,SPY,534.772070
2024-10-18,SPY,539.194770
2024-10-21,SPY,545.623464
2024-10-22,SPY,540.049903
2024-10-23,SPY,538.060660
2024-10-24,SPY,542.684425
2024-10-25,SPY,542.786792
2024-10-28,SPY,539.029682
2024-10-29,SPY,535.773817
2024-10-30,SPY,541.598728
2024-10-31,SPY,543.126014
2024-11-01,SPY,547.413533
2024-11-04,SPY,551.932828
2024-11-05,SPY,548.979995
2024-11-06,SPY,553.145434
2024-11-07,SPY,545.656885
2024-11-08,SPY,549.184393
2024-11-11,SPY,549.361398
2024-11-12,SPY,549.895979
2024-11-13,SPY,551.663574
2024-11-14,SPY,554.026920
2024-11-15,SPY,546.406814
2024-11-18,SPY,549.115287
2024-11-19,SPY,549.396799
2024-11-20,SPY,550.635932
2024-11-21,SPY,552.144310
2024-11-22,SPY,548.868814
2024-11-25,SPY,541.872962
2024-11-26,SPY,530.958889
2024-11-27,SPY,539.027116
2024-11-28,SPY,542.453272
2024-11-29,SPY,536.137112
2024-12-02,SPY,538.515497
2024-12-03,SPY,539.968305
2024-12-04,SPY,549.429460
2024-12-05,SPY,547.756963
2024-12-06,SPY,555.380048
2024-12-09,SPY,559.372997
2024-12-10,SPY,562.732914
2024-12-11,SPY,560.884762
2024-12-12,SPY,560.098644
2024-12-13,SPY,558.498279
2024-12-16,SPY,566.541969
2024-12-17,SPY,578.229052
2024-12-18,SPY,575.449483
2024-12-19,SPY,578.964184
2024-12-20,SPY,575.187684
2024-12-23,SPY,572.815859
2024-12-24,SPY,575.422727
2024-12-25,SPY,576.751343
2024-12-26,SPY,576.106828
2024-12-27,SPY,573.908068
2024-12-30,SPY,570.868489
2024-12-31,SPY,577.533919
2025-01-01,SPY,583.886332
2025-01-02,SPY,582.354395
2025-01-03,SPY,575.519171
2025-01-06,SPY,578.565315
2025-01-07,SPY,577.565343
2025-01-08,SPY,587.410185
2025-01-09,SPY,594.603814
2025-01-10,SPY,595.971069
2025-01-13,SPY,595.325345
2025-01-14,SPY,592.875664
2025-01-15,SPY,586.905200
2025-01-16,SPY,589.156475
2025-01-17,SPY,591.142189
2025-01-20,SPY,590.291499
2025-01-21,SPY,586.400704
2025-01-22,SPY,588.288449
2025-01-23,SPY,583.997149
2025-01-24,SPY,583.412337
2025-01-27,SPY,584.242307
2025-01-28,SPY,583.320400
2025-01-29,SPY,581.843375
2025-01-30,SPY,585.259947
2025-01-31,SPY,583.418895
2025-02-03,SPY,584.233681
2025-02-04,SPY,585.614487
2025-02-05,SPY,588.729627
2025-02-06,SPY,593.422652
2025-02-07,SPY,593.866346
2025-02-10,SPY,586.939912
2025-02-11,SPY,591.636855
2025-02-12,SPY,592.656969
2025-02-13,SPY,588.930562
2025-02-14,SPY,581.866431
2025-02-17,SPY,581.330180
2025-02-18,SPY,581.384392
2025-02-19,SPY,572.276222
2025-02-20,SPY,577.711351
2025-02-21,SPY,576.027907
2025-02-24,SPY,580.539423
2025-02-25,SPY,576.100805
2025-02-26,SPY,570.731742
2025-02-27,SPY,572.815652
2025-02-28,SPY,578.450649
2025-03-03,SPY,591.253935
2025-03-04,SPY,591.855773
2025-03-05,SPY,588.551771
2025-03-06,SPY,589.099688
2025-03-07,SPY,588.945601
2025-03-10,SPY,587.412208
2025-03-11,SPY,594.030003
2025-03-12,SPY,589.560132
2025-03-13,SPY,592.449707
2025-03-14,SPY,596.405759
2025-03-17,SPY,597.979529
2025-03-18,SPY,598.707419
2025-03-19,SPY,606.208615
2025-03-20,SPY,607.348190
2025-03-21,SPY,619.011428
2025-03-24,SPY,618.092324
2025-03-25,SPY,621.286510
2025-03-26,SPY,622.703944
2025-03-27,SPY,618.810855
2025-03-28,SPY,611.311407
2025-03-31,SPY,609.049579
2025-04-01,SPY,601.018186
2025-04-02,SPY,592.283961
2025-04-03,SPY,595.502599
2025-04-04,SPY,591.699821
2025-04-07,SPY,594.021124
2025-04-08,SPY,590.446251
2025-04-09,SPY,583.843260
2025-04-10,SPY,578.898842
2025-04-11,SPY,576.042035
2025-04-14,SPY,581.186987
2025-04-15,SPY,578.050032
2025-04-16,SPY,582.216422
2025-04-17,SPY,583.551336
2025-04-18,SPY,591.724622
2025-04-21,SPY,590.291178
2025-04-22,SPY,599.703779
2025-04-23,SPY,597.305021
2025-04-24,SPY,587.341626
2025-04-25,SPY,593.112320
2025-04-28,SPY,593.948724
2025-04-29,SPY,591.975236
2025-04-30,SPY,590.068820
2025-05-01,SPY,599.214040
2025-05-02,SPY,584.120446
2025-05-05,SPY,592.401598
2025-05-06,SPY,591.247146
2025-05-07,SPY,595.439367
2025-05-08,SPY,600.711587
2025-05-09,SPY,601.935160
2025-05-12,SPY,604.278541
2025-05-13,SPY,600.092746
2025-05-14,SPY,597.933222
2025-05-15,SPY,605.119551
2025-05-16,SPY,597.923265
2025-05-19,SPY,598.081294
2025-05-20,SPY,599.107768
2025-05-21,SPY,593.573961
2025-05-22,SPY,591.608775
2025-05-23,SPY,590.938900
2025-05-26,SPY,598.588979
2025-05-27,SPY,604.723238
2025-05-28,SPY,605.496222
2025-05-29,SPY,606.048162
2025-05-30,SPY,605.528818
2025-06-02,SPY,606.127072
2025-06-03,SPY,596.628771
2025-06-04,SPY,596.542698
2025-06-05,SPY,594.008702
2025-06-06,SPY,606.395981
2025-06-09,SPY,612.483253
2025-06-10,SPY,607.105030
2025-06-11,SPY,604.241394
2025-06-12,SPY,590.575612
2025-06-13,SPY,590.255789
2025-06-16,SPY,592.989037
2025-06-17,SPY,585.616441
2025-06-18,SPY,583.833111
2025-06-19,SPY,586.928624
2025-06-20,SPY,583.256527
2025-06-23,SPY,577.324005
2025-06-24,SPY,584.096825
2025-06-25,SPY,578.965042
2025-06-26,SPY,582.512480
2025-06-27,SPY,584.887050
2025-06-30,SPY,584.589002
2025-07-01,SPY,587.012061
2025-07-02,SPY,586.745964
2025-07-03,SPY,578.677370
2025-07-04,SPY,576.857525
2025-07-07,SPY,569.186278
2025-07-08,SPY,570.437798
2025-07-09,SPY,576.029341
2025-07-10,SPY,580.459606
2025-07-11,SPY,580.454859
2025-07-14,SPY,579.350857
2025-07-15,SPY,581.486565
2025-07-16,SPY,578.778159
2025-07-17,SPY,569.567590
2025-07-18,SPY,566.686798
2025-07-21,SPY,568.801335
2025-07-22,SPY,565.833990
2025-07-23,SPY,571.286777
2025-07-24,SPY,577.038612
2025-07-25,SPY,566.084733
2025-07-28,SPY,561.053023
2025-07-29,SPY,555.206645
2025-07-30,SPY,557.065640
2025-07-31,SPY,558.090517
2025-08-01,SPY,555.308042
2025-08-04,SPY,553.145005
2025-08-05,SPY,553.651177
2025-08-06,SPY,544.541579
2025-08-07,SPY,538.887732
2025-08-08,SPY,532.997168
2025-08-11,SPY,535.926010
2025-08-12,SPY,540.210058
2025-08-13,SPY,546.199242
2025-08-14,SPY,538.755329
2025-08-15,SPY,536.144487
2025-08-18,SPY,537.252590
2025-08-19,SPY,533.248517
2025-08-20,SPY,531.983746
2025-08-21,SPY,540.449844
2025-08-22,SPY,532.080842
2025-08-25,SPY,526.225153
2025-08-26,SPY,535.129844
2025-08-27,SPY,539.030220
2025-08-28,SPY,539.598215
2025-08-29,SPY,536.221116
2025-09-01,SPY,540.565516
2025-09-02,SPY,545.297069
2025-09-03,SPY,539.533632
2025-09-04,SPY,539.130682
2025-09-05,SPY,537.593853
2025-09-08,SPY,535.300656
2025-09-09,SPY,534.179230
2025-09-10,SPY,527.740954
2025-09-11,SPY,521.768553
2025-09-12,SPY,520.576386
2025-09-15,SPY,521.952829
2025-09-16,SPY,518.513126
2025-09-17,SPY,522.343452
2025-09-18,SPY,522.968891
2025-09-19,SPY,523.420740
2025-09-22,SPY,528.391275
2025-09-23,SPY,530.476384
2025-09-24,SPY,524.665755
2025-09-25,SPY,522.929738
2025-09-26,SPY,524.437898
2025-09-29,SPY,530.882558
2025-09-30,SPY,530.696011
2025-10-01,SPY,529.623698
2025-10-02,SPY,531.567222
2025-10-03,SPY,523.746831
2025-10-06,SPY,523.324343
2025-10-07,SPY,518.091671
2025-10-08,SPY,511.948702
2025-10-09,SPY,504.745620
2025-10-10,SPY,498.139589
2025-10-13,SPY,500.112042
2025-10-14,SPY,507.050477
2025-10-15,SPY,508.874698
2025-10-16,SPY,511.344200
2025-10-17,SPY,509.210616
2025-10-20,SPY,507.582466
2025-10-21,SPY,502.691147
2025-10-22,SPY,508.813458
2025-10-23,SPY,508.704142
2025-10-24,SPY,503.769854
2025-10-27,SPY,507.539644
2025-10-28,SPY,509.313433
2025-10-29,SPY,511.065364
2025-10-30,SPY,504.533847
2025-10-31,SPY,502.842913
2025-11-03,SPY,500.199040
2025-11-04,SPY,507.335158
2025-11-05,SPY,507.944607
2025-11-06,SPY,508.075792
2025-11-07,SPY,515.519435
2025-11-10,SPY,516.078265
2025-11-11,SPY,528.821329
2025-11-12,SPY,525.379886
2025-11-13,SPY,525.217305
2025-11-14,SPY,532.763798
2025-11-17,SPY,527.694319
2025-11-18,SPY,529.144906
2025-11-19,SPY,533.639195
2025-11-20,SPY,536.098692
2025-11-21,SPY,531.541508
2025-11-24,SPY,530.401302
2025-11-25,SPY,531.198434
2025-11-26,SPY,532.941353
2025-11-27,SPY,531.933236
2025-11-28,SPY,537.626010
2025-12-01,SPY,535.642015
2025-12-02,SPY,528.279936
2025-12-03,SPY,524.731327
2025-12-04,SPY,523.374053
2025-12-05,SPY,526.033274
2025-12-08,SPY,526.972544
2025-12-09,SPY,523.080927
2025-12-10,SPY,521.042876
2025-12-11,SPY,523.875444
2025-12-12,SPY,522.500454
2025-12-15,SPY,520.292890
2025-12-16,SPY,521.575183
2025-12-17,SPY,521.205299
2025-12-18,SPY,517.927191
2025-12-19,SPY,520.258085
2025-12-22,SPY,517.885450
2025-12-23,SPY,513.618334
2025-12-24,SPY,508.909649
2025-12-25,SPY,513.031250
2025-12-26,SPY,512.081450
2025-12-29,SPY,516.246927
2025-12-30,SPY,521.721243
2025-12-31,SPY,517.948032
2021-01-04,VIX,23.122897
2021-01-05,VIX,31.199208
2021-01-06,VIX,18.797183
2021-01-07,VIX,20.292229
2021-01-08,VIX,19.443688
2021-01-11,VIX,21.669660
2021-01-12,VIX,20.712325
2021-01-13,VIX,20.945573
2021-01-14,VIX,19.117380
2021-01-15,VIX,18.301040
2021-01-18,VIX,19.953207
2021-01-19,VIX,18.337344
2021-01-20,VIX,20.489872
2021-01-21,VIX,20.898018
2021-01-22,VIX,24.854509
2021-01-25,VIX,23.372548
2021-01-26,VIX,28.233564
2021-01-27,VIX,19.295396
2021-01-28,VIX,26.849449
2021-01-29,VIX,22.699138
2021-02-01,VIX,25.025009
2021-02-02,VIX,21.714531
2021-02-03,VIX,17.922221
2021-02-04,VIX,20.556883
2021-02-05,VIX,17.937750
2021-02-08,VIX,22.460903
2021-02-09,VIX,22.457537
2021-02-10,VIX,24.650989
2021-02-11,VIX,34.134602
2021-02-12,VIX,21.614911
2021-02-15,VIX,23.605205
2021-02-16,VIX,24.800799
2021-02-17,VIX,20.314149
2021-02-18,VIX,20.960053
2021-02-19,VIX,25.795873
2021-02-22,VIX,27.038834
2021-02-23,VIX,22.331548
2021-02-24,VIX,16.869862
2021-02-25,VIX,27.396715
2021-02-26,VIX,23.276351
2021-03-01,VIX,23.375115
2021-03-02,VIX,21.280636
2021-03-03,VIX,17.475563
2021-03-04,VIX,25.733267
2021-03-05,VIX,26.249294
2021-03-08,VIX,22.120709
2021-03-09,VIX,22.076052
2021-03-10,VIX,23.789727
2021-03-11,VIX,23.665674
2021-03-12,VIX,19.955057
2021-03-15,VIX,28.856982
2021-03-16,VIX,19.107801
2021-03-17,VIX,18.261476
2021-03-18,VIX,25.793551
2021-03-19,VIX,31.263748
2021-03-22,VIX,20.426842
2021-03-23,VIX,22.609374
2021-03-24,VIX,24.485895
2021-03-25,VIX,22.045668
2021-03-26,VIX,19.234060
2021-03-29,VIX,20.690907
2021-03-30,VIX,33.273395
2021-03-31,VIX,24.852256
2021-04-01,VIX,21.693081
2021-04-02,VIX,18.846878
2021-04-05,VIX,24.596301
2021-04-06,VIX,23.105028
2021-04-07,VIX,21.815183
2021-04-08,VIX,17.803485
2021-04-09,VIX,24.306562
2021-04-12,VIX,19.320209
2021-04-13,VIX,30.394482
2021-04-14,VIX,20.673115
2021-04-15,VIX,29.946414
2021-04-16,VIX,16.765577
2021-04-19,VIX,26.014855
2021-04-20,VIX,20.182299
2021-04-21,VIX,21.996043
2021-04-22,VIX,21.884308
2021-04-23,VIX,20.837745
2021-04-26,VIX,23.838379
2021-04-27,VIX,27.625012
2021-04-28,VIX,16.574920
2021-04-29,VIX,21.597222
2021-04-30,VIX,19.891025
2021-05-03,VIX,36.804346
2021-05-04,VIX,25.416142
2021-05-05,VIX,21.750204
2021-05-06,VIX,25.126914
2021-05-07,VIX,21.441331
2021-05-10,VIX,21.289456
2021-05-11,VIX,29.197016
2021-05-12,VIX,20.514351
2021-05-13,VIX,20.609344
2021-05-14,VIX,29.707849
2021-05-17,VIX,28.279216
2021-05-18,VIX,19.538253
2021-05-19,VIX,19.712583
2021-05-20,VIX,24.056903
2021-05-21,VIX,30.570439
2021-05-24,VIX,19.884376
2021-05-25,VIX,21.999356
2021-05-26,VIX,28.129791
2021-05-27,VIX,18.941794
2021-05-28,VIX,26.156786
2021-05-31,VIX,21.452945
2021-06-01,VIX,25.811793
2021-06-02,VIX,33.770363
2021-06-03,VIX,31.099967
2021-06-04,VIX,24.987686
2021-06-07,VIX,19.007908
2021-06-08,VIX,30.359225
2021-06-09,VIX,19.204846
2021-06-10,VIX,20.072890
2021-06-11,VIX,20.395037
2021-06-14,VIX,20.793630
2021-06-15,VIX,24.811140
2021-06-16,VIX,19.193720
2021-06-17,VIX,27.047487
2021-06-18,VIX,19.550494
2021-06-21,VIX,21.969024
2021-06-22,VIX,27.158882
2021-06-23,VIX,19.921955
2021-06-24,VIX,27.634480
2021-06-25,VIX,19.408945
2021-06-28,VIX,23.239507
2021-06-29,VIX,19.276874
2021-06-30,VIX,23.247060
2021-07-01,VIX,18.418043
2021-07-02,VIX,18.357490
2021-07-05,VIX,20.416999
2021-07-06,VIX,20.951539
2021-07-07,VIX,25.297159
2021-07-08,VIX,24.494188
2021-07-09,VIX,18.743860
2021-07-12,VIX,23.397296
2021-07-13,VIX,23.872748
2021-07-14,VIX,17.927664
2021-07-15,VIX,21.558884
2021-07-16,VIX,16.756411
2021-07-19,VIX,23.161751
2021-07-20,VIX,27.431194
2021-07-21,VIX,20.724445
2021-07-22,VIX,23.379730
2021-07-23,VIX,19.049267
2021-07-26,VIX,26.389955
2021-07-27,VIX,18.831833
2021-07-28,VIX,28.592408
2021-07-29,VIX,29.998847
2021-07-30,VIX,21.436712
2021-08-02,VIX,35.718090
2021-08-03,VIX,25.029671
2021-08-04,VIX,30.240435
2021-08-05,VIX,21.537698
2021-08-06,VIX,27.190760
2021-08-09,VIX,22.872839
2021-08-10,VIX,20.309702
2021-08-11,VIX,21.156560
2021-08-12,VIX,21.111448
2021-08-13,VIX,25.413095
2021-08-16,VIX,21.374781
2021-08-17,VIX,20.208192
2021-08-18,VIX,26.394247
2021-08-19,VIX,21.134956
2021-08-20,VIX,29.870692
2021-08-23,VIX,18.088379
2021-08-24,VIX,21.636158
2021-08-25,VIX,25.481720
2021-08-26,VIX,25.696364
2021-08-27,VIX,28.138441
2021-08-30,VIX,24.659751
2021-08-31,VIX,22.259724
2021-09-01,VIX,22.379881
2021-09-02,VIX,21.872414
2021-09-03,VIX,19.376481
2021-09-06,VIX,18.985929
2021-09-07,VIX,28.594267
2021-09-08,VIX,19.767211
2021-09-09,VIX,18.716913
2021-09-10,VIX,27.895072
2021-09-13,VIX,25.638971
2021-09-14,VIX,33.467999
2021-09-15,VIX,18.774383
2021-09-16,VIX,25.623758
2021-09-17,VIX,34.158715
2021-09-20,VIX,20.944669
2021-09-21,VIX,22.135688
2021-09-22,VIX,21.640103
2021-09-23,VIX,15.771631
2021-09-24,VIX,26.654015
2021-09-27,VIX,21.323848
2021-09-28,VIX,21.898984
2021-09-29,VIX,17.202373
2021-09-30,VIX,16.181152
2021-10-01,VIX,30.066310
2021-10-04,VIX,22.953307
2021-10-05,VIX,26.954191
2021-10-06,VIX,29.653425
2021-10-07,VIX,18.405737
2021-10-08,VIX,26.530747
2021-10-11,VIX,19.757601
2021-10-12,VIX,26.934336
2021-10-13,VIX,22.849029
2021-10-14,VIX,27.981961
2021-10-15,VIX,13.815272
2021-10-18,VIX,22.595079
2021-10-19,VIX,22.079573
2021-10-20,VIX,21.425345
2021-10-21,VIX,18.868116
2021-10-22,VIX,19.245590
2021-10-25,VIX,21.997029
2021-10-26,VIX,20.719801
2021-10-27,VIX,21.061110
2021-10-28,VIX,21.107462
2021-10-29,VIX,16.828458
2021-11-01,VIX,29.313562
2021-11-02,VIX,22.758477
2021-11-03,VIX,23.959586
2021-11-04,VIX,25.378795
2021-11-05,VIX,23.481952
2021-11-08,VIX,21.248960
2021-11-09,VIX,29.092505
2021-11-10,VIX,30.812257
2021-11-11,VIX,20.199251
2021-11-12,VIX,36.089871
2021-11-15,VIX,26.276294
2021-11-16,VIX,28.014225
2021-11-17,VIX,21.127128
2021-11-18,VIX,22.494012
2021-11-19,VIX,23.329335
2021-11-22,VIX,22.801477
2021-11-23,VIX,18.537895
2021-11-24,VIX,31.014510
2021-11-25,VIX,18.809446
2021-11-26,VIX,19.880453
2021-11-29,VIX,16.758925
2021-11-30,VIX,22.149910
2021-12-01,VIX,19.644193
2021-12-02,VIX,18.333609
2021-12-03,VIX,18.548627
2021-12-06,VIX,25.312146
2021-12-07,VIX,24.103861
2021-12-08,VIX,30.208488
2021-12-09,VIX,31.222178
2021-12-10,VIX,39.179261
2021-12-13,VIX,19.217104
2021-12-14,VIX,24.490396
2021-12-15,VIX,20.158990
2021-12-16,VIX,21.331142
2021-12-17,VIX,21.844615
2021-12-20,VIX,22.479627
2021-12-21,VIX,22.274954
2021-12-22,VIX,18.788687
2021-12-23,VIX,24.166260
2021-12-24,VIX,18.591662
2021-12-27,VIX,36.517979
2021-12-28,VIX,18.855392
2021-12-29,VIX,17.939049
2021-12-30,VIX,28.232991
2021-12-31,VIX,27.885374
2022-01-03,VIX,21.176476
2022-01-04,VIX,28.530414
2022-01-05,VIX,21.032063
2022-01-06,VIX,28.768522
2022-01-07,VIX,29.140189
2022-01-10,VIX,26.890037
2022-01-11,VIX,32.442135
2022-01-12,VIX,19.603513
2022-01-13,VIX,19.949042
2022-01-14,VIX,20.812022
2022-01-17,VIX,27.233720
2022-01-18,VIX,19.993663
2022-01-19,VIX,21.097539
2022-01-20,VIX,18.005565
2022-01-21,VIX,20.031343
2022-01-24,VIX,28.747382
2022-01-25,VIX,21.622133
2022-01-26,VIX,33.350095
2022-01-27,VIX,20.694380
2022-01-28,VIX,15.688213
2022-01-31,VIX,16.944371
2022-02-01,VIX,20.812991
2022-02-02,VIX,32.625828
2022-02-03,VIX,15.292896
2022-02-04,VIX,17.612745
2022-02-07,VIX,23.348253
2022-02-08,VIX,35.761567
2022-02-09,VIX,26.761819
2022-02-10,VIX,18.129556
2022-02-11,VIX,25.082611
2022-02-14,VIX,23.089096
2022-02-15,VIX,18.331973
2022-02-16,VIX,21.460201
2022-02-17,VIX,26.329084
2022-02-18,VIX,17.798327
2022-02-21,VIX,21.709482
2022-02-22,VIX,24.579845
2022-02-23,VIX,14.344677
2022-02-24,VIX,17.518821
2022-02-25,VIX,27.417326
2022-02-28,VIX,17.414421
2022-03-01,VIX,20.603393
2022-03-02,VIX,17.886767
2022-03-03,VIX,32.452781
2022-03-04,VIX,22.156224
2022-03-07,VIX,22.474718
2022-03-08,VIX,31.956430
2022-03-09,VIX,19.187301
2022-03-10,VIX,19.969354
2022-03-11,VIX,19.987704
2022-03-14,VIX,19.949100
2022-03-15,VIX,27.972225
2022-03-16,VIX,20.884807
2022-03-17,VIX,19.163733
2022-03-18,VIX,19.744279
2022-03-21,VIX,29.767995
2022-03-22,VIX,26.106074
2022-03-23,VIX,30.920507
2022-03-24,VIX,22.853157
2022-03-25,VIX,22.674298
2022-03-28,VIX,26.079265
2022-03-29,VIX,18.770115
2022-03-30,VIX,26.026035
2022-03-31,VIX,22.018091
2022-04-01,VIX,22.117137
2022-04-04,VIX,21.113223
2022-04-05,VIX,21.832550
2022-04-06,VIX,25.711080
2022-04-07,VIX,23.180822
2022-04-08,VIX,22.987888
2022-04-11,VIX,20.886634
2022-04-12,VIX,24.798472
2022-04-13,VIX,27.025417
2022-04-14,VIX,27.682621
2022-04-15,VIX,21.193565
2022-04-18,VIX,20.762376
2022-04-19,VIX,17.512373
2022-04-20,VIX,18.968352
2022-04-21,VIX,34.306767
2022-04-22,VIX,24.879407
2022-04-25,VIX,17.626044
2022-04-26,VIX,25.028112
2022-04-27,VIX,21.163764
2022-04-28,VIX,24.513808
2022-04-29,VIX,22.588086
2022-05-02,VIX,17.328494
2022-05-03,VIX,24.600552
2022-05-04,VIX,23.777108
2022-05-05,VIX,21.709580
2022-05-06,VIX,23.073782
2022-05-09,VIX,28.650101
2022-05-10,VIX,25.925529
2022-05-11,VIX,22.868721
2022-05-12,VIX,21.403404
2022-05-13,VIX,26.962744
2022-05-16,VIX,18.545831
2022-05-17,VIX,28.895850
2022-05-18,VIX,19.957224
2022-05-19,VIX,19.433863
2022-05-20,VIX,21.162576
2022-05-23,VIX,17.493904
2022-05-24,VIX,23.199457
2022-05-25,VIX,22.050831
2022-05-26,VIX,23.931205
2022-05-27,VIX,24.771996
2022-05-30,VIX,20.945745
2022-05-31,VIX,18.615195
2022-06-01,VIX,22.337772
2022-06-02,VIX,20.591953
2022-06-03,VIX,23.166651
2022-06-06,VIX,21.825468
2022-06-07,VIX,25.092758
2022-06-08,VIX,21.250875
2022-06-09,VIX,24.535741
2022-06-10,VIX,19.078850
2022-06-13,VIX,21.497882
2022-06-14,VIX,26.084992
2022-06-15,VIX,22.566673
2022-06-16,VIX,16.780500
2022-06-17,VIX,20.836456
2022-06-20,VIX,25.332739
2022-06-21,VIX,23.563037
2022-06-22,VIX,20.341095
2022-06-23,VIX,25.484872
2022-06-24,VIX,25.060103
2022-06-27,VIX,23.346662
2022-06-28,VIX,22.674232
2022-06-29,VIX,23.471324
2022-06-30,VIX,24.430701
2022-07-01,VIX,23.188953
2022-07-04,VIX,17.959075
2022-07-05,VIX,24.596962
2022-07-06,VIX,25.031433
2022-07-07,VIX,20.697934
2022-07-08,VIX,28.816561
2022-07-11,VIX,16.031524
2022-07-12,VIX,20.766572
2022-07-13,VIX,23.767782
2022-07-14,VIX,19.748658
2022-07-15,VIX,16.780507
2022-07-18,VIX,30.127031
2022-07-19,VIX,19.796782
2022-07-20,VIX,18.609728
2022-07-21,VIX,19.788322
2022-07-22,VIX,22.526366
2022-07-25,VIX,29.082913
2022-07-26,VIX,24.562299
2022-07-27,VIX,26.547759
2022-07-28,VIX,28.696361
2022-07-29,VIX,21.253583
2022-08-01,VIX,21.592801
2022-08-02,VIX,24.062382
2022-08-03,VIX,22.711260
2022-08-04,VIX,23.476346
2022-08-05,VIX,19.600824
2022-08-08,VIX,33.260553
2022-08-09,VIX,27.586004
2022-08-10,VIX,21.877774
2022-08-11,VIX,26.575583
2022-08-12,VIX,20.039193
2022-08-15,VIX,24.859635
2022-08-16,VIX,27.209785
2022-08-17,VIX,16.290258
2022-08-18,VIX,19.138641
2022-08-19,VIX,19.647716
2022-08-22,VIX,27.673855
2022-08-23,VIX,23.782413
2022-08-24,VIX,26.209127
2022-08-25,VIX,21.123427
2022-08-26,VIX,21.152090
2022-08-29,VIX,20.233092
2022-08-30,VIX,23.156093
2022-08-31,VIX,26.802247
2022-09-01,VIX,24.422633
2022-09-02,VIX,22.333627
2022-09-05,VIX,32.090651
2022-09-06,VIX,32.903590
2022-09-07,VIX,22.036171
2022-09-08,VIX,20.407468
2022-09-09,VIX,21.160421
2022-09-12,VIX,20.688791
2022-09-13,VIX,19.647423
2022-09-14,VIX,30.696556
2022-09-15,VIX,22.472003
2022-09-16,VIX,21.266040
2022-09-19,VIX,24.139206
2022-09-20,VIX,23.340109
2022-09-21,VIX,17.580512
2022-09-22,VIX,30.644920
2022-09-23,VIX,19.099628
2022-09-26,VIX,21.148484
2022-09-27,VIX,18.239385
2022-09-28,VIX,20.311751
2022-09-29,VIX,18.020610
2022-09-30,VIX,22.408899
2022-10-03,VIX,24.760054
2022-10-04,VIX,21.360983
2022-10-05,VIX,21.611903
2022-10-06,VIX,22.485895
2022-10-07,VIX,32.495976
2022-10-10,VIX,19.436985
2022-10-11,VIX,25.234012
2022-10-12,VIX,22.175610
2022-10-13,VIX,14.853633
2022-10-14,VIX,26.713073
2022-10-17,VIX,21.058300
2022-10-18,VIX,18.903254
2022-10-19,VIX,17.470394
2022-10-20,VIX,23.231853
2022-10-21,VIX,22.750417
2022-10-24,VIX,22.942451
2022-10-25,VIX,15.616127
2022-10-26,VIX,27.322904
2022-10-27,VIX,27.030655
2022-10-28,VIX,17.711133
2022-10-31,VIX,29.271622
2022-11-01,VIX,25.790495
2022-11-02,VIX,20.026591
2022-11-03,VIX,19.229997
2022-11-04,VIX,22.518275
2022-11-07,VIX,25.167489
2022-11-08,VIX,23.726063
2022-11-09,VIX,24.384930
2022-11-10,VIX,20.573454
2022-11-11,VIX,17.353962
2022-11-14,VIX,33.730413
2022-11-15,VIX,20.833030
2022-11-16,VIX,19.588993
2022-11-17,VIX,15.984299
2022-11-18,VIX,26.098172
2022-11-21,VIX,19.151328
2022-11-22,VIX,22.911916
2022-11-23,VIX,22.987290
2022-11-24,VIX,24.967059
2022-11-25,VIX,20.618319
2022-11-28,VIX,20.276227
2022-11-29,VIX,22.500444
2022-11-30,VIX,21.874503
2022-12-01,VIX,25.576354
2022-12-02,VIX,19.874290
2022-12-05,VIX,24.107731
2022-12-06,VIX,18.684566
2022-12-07,VIX,26.753146
2022-12-08,VIX,22.468085
2022-12-09,VIX,18.537958
2022-12-12,VIX,18.666708
2022-12-13,VIX,23.472313
2022-12-14,VIX,18.596951
2022-12-15,VIX,28.698669
2022-12-16,VIX,18.826819
2022-12-19,VIX,21.121779
2022-12-20,VIX,21.498644
2022-12-21,VIX,22.576285
2022-12-22,VIX,22.747739
2022-12-23,VIX,16.096771
2022-12-26,VIX,21.431688
2022-12-27,VIX,23.732561
2022-12-28,VIX,29.270497
2022-12-29,VIX,27.163991
2022-12-30,VIX,23.771073
2023-01-02,VIX,20.694691
2023-01-03,VIX,22.706934
2023-01-04,VIX,24.646674
2023-01-05,VIX,16.719305
2023-01-06,VIX,19.334574
2023-01-09,VIX,20.973454
2023-01-10,VIX,19.329977
2023-01-11,VIX,26.793694
2023-01-12,VIX,29.627565
2023-01-13,VIX,28.377205
2023-01-16,VIX,22.094752
2023-01-17,VIX,20.921539
2023-01-18,VIX,21.961481
2023-01-19,VIX,22.123797
2023-01-20,VIX,22.479073
2023-01-23,VIX,18.341576
2023-01-24,VIX,16.883872
2023-01-25,VIX,22.702552
2023-01-26,VIX,20.285619
2023-01-27,VIX,27.186071
2023-01-30,VIX,27.344214
2023-01-31,VIX,21.395302
2023-02-01,VIX,30.075827
2023-02-02,VIX,23.909000
2023-02-03,VIX,21.211316
2023-02-06,VIX,21.841568
2023-02-07,VIX,36.390690
2023-02-08,VIX,23.153420
2023-02-09,VIX,15.988950
2023-02-10,VIX,19.240890
2023-02-13,VIX,31.624472
2023-02-14,VIX,20.791727
2023-02-15,VIX,16.104277
2023-02-16,VIX,22.119688
2023-02-17,VIX,21.868874
2023-02-20,VIX,22.827832
2023-02-21,VIX,21.093847
2023-02-22,VIX,19.219445
2023-02-23,VIX,24.711207
2023-02-24,VIX,27.601510
2023-02-27,VIX,20.111367
2023-02-28,VIX,22.125433
2023-03-01,VIX,20.760307
2023-03-02,VIX,27.640222
2023-03-03,VIX,28.136590
2023-03-06,VIX,29.510216
2023-03-07,VIX,24.148934
2023-03-08,VIX,29.836674
2023-03-09,VIX,18.038851
2023-03-10,VIX,21.361382
2023-03-13,VIX,29.156736
2023-03-14,VIX,25.826760
2023-03-15,VIX,21.372117
2023-03-16,VIX,21.394780
2023-03-17,VIX,26.812550
2023-03-20,VIX,21.026962
2023-03-21,VIX,24.939726
2023-03-22,VIX,18.846915
2023-03-23,VIX,18.984638
2023-03-24,VIX,17.783569
2023-03-27,VIX,18.014980
2023-03-28,VIX,20.814382
2023-03-29,VIX,26.343466
2023-03-30,VIX,32.997709
2023-03-31,VIX,28.969717
2023-04-03,VIX,20.201867
2023-04-04,VIX,26.943033
2023-04-05,VIX,27.266625
2023-04-06,VIX,21.864994
2023-04-07,VIX,22.363606
2023-04-10,VIX,19.880071
2023-04-11,VIX,19.638949
2023-04-12,VIX,27.785701
2023-04-13,VIX,18.303299
2023-04-14,VIX,19.761298
2023-04-17,VIX,18.704058
2023-04-18,VIX,20.153253
2023-04-19,VIX,19.650874
2023-04-20,VIX,17.249733
2023-04-21,VIX,29.287566
2023-04-24,VIX,22.050656
2023-04-25,VIX,22.507869
2023-04-26,VIX,21.520483
2023-04-27,VIX,19.765588
2023-04-28,VIX,24.411105
2023-05-01,VIX,22.586861
2023-05-02,VIX,19.155333
2023-05-03,VIX,19.437424
2023-05-04,VIX,21.198479
2023-05-05,VIX,19.956740
2023-05-08,VIX,20.089837
2023-05-09,VIX,30.861824
2023-05-10,VIX,21.172502
2023-05-11,VIX,22.941608
2023-05-12,VIX,21.759496
2023-05-15,VIX,27.114682
2023-05-16,VIX,19.150279
2023-05-17,VIX,22.144760
2023-05-18,VIX,24.693285
2023-05-19,VIX,22.821011
2023-05-22,VIX,20.100079
2023-05-23,VIX,16.752212
2023-05-24,VIX,17.742793
2023-05-25,VIX,32.808463
2023-05-26,VIX,24.308039
2023-05-29,VIX,26.134412
2023-05-30,VIX,22.379892
2023-05-31,VIX,32.173850
2023-06-01,VIX,16.877116
2023-06-02,VIX,17.979567
2023-06-05,VIX,22.033137
2023-06-06,VIX,21.425382
2023-06-07,VIX,28.401605
2023-06-08,VIX,20.633681
2023-06-09,VIX,28.236612
2023-06-12,VIX,22.831423
2023-06-13,VIX,28.875937
2023-06-14,VIX,23.877346
2023-06-15,VIX,29.305471
2023-06-16,VIX,25.351127
2023-06-19,VIX,21.099113
2023-06-20,VIX,17.239606
2023-06-21,VIX,20.834092
2023-06-22,VIX,18.866456
2023-06-23,VIX,25.254347
2023-06-26,VIX,21.776160
2023-06-27,VIX,21.459010
2023-06-28,VIX,17.852162
2023-06-29,VIX,17.565716
2023-06-30,VIX,18.926967
2023-07-03,VIX,24.252087
2023-07-04,VIX,16.405288
2023-07-05,VIX,20.929935
2023-07-06,VIX,27.915749
2023-07-07,VIX,20.705059
2023-07-10,VIX,25.685179
2023-07-11,VIX,22.137822
2023-07-12,VIX,22.428137
2023-07-13,VIX,29.047530
2023-07-14,VIX,21.769136
2023-07-17,VIX,19.216283
2023-07-18,VIX,25.289892
2023-07-19,VIX,28.916710
2023-07-20,VIX,18.602592
2023-07-21,VIX,21.249001
2023-07-24,VIX,30.692571
2023-07-25,VIX,23.177374
2023-07-26,VIX,20.763199
2023-07-27,VIX,17.966626
2023-07-28,VIX,22.685858
2023-07-31,VIX,26.645757
2023-08-01,VIX,25.625089
2023-08-02,VIX,19.123759
2023-08-03,VIX,19.760926
2023-08-04,VIX,22.085599
2023-08-07,VIX,31.708881
2023-08-08,VIX,24.944136
2023-08-09,VIX,24.937631
2023-08-10,VIX,22.922039
2023-08-11,VIX,20.056169
2023-08-14,VIX,25.151313
2023-08-15,VIX,25.280232
2023-08-16,VIX,21.125916
2023-08-17,VIX,23.637749
2023-08-18,VIX,23.190675
2023-08-21,VIX,22.286131
2023-08-22,VIX,28.012486
2023-08-23,VIX,23.964076
2023-08-24,VIX,22.227115
2023-08-25,VIX,21.268956
2023-08-28,VIX,19.041503
2023-08-29,VIX,20.543257
2023-08-30,VIX,20.708379
2023-08-31,VIX,20.521973
2023-09-01,VIX,20.930570
2023-09-04,VIX,32.529693
2023-09-05,VIX,17.531513
2023-09-06,VIX,24.008124
2023-09-07,VIX,18.261604
2023-09-08,VIX,33.355656
2023-09-11,VIX,22.641556
2023-09-12,VIX,21.627292
2023-09-13,VIX,26.436756
2023-09-14,VIX,20.560971
2023-09-15,VIX,14.106273
2023-09-18,VIX,36.719102
2023-09-19,VIX,24.775744
2023-09-20,VIX,23.603968
2023-09-21,VIX,22.397578
2023-09-22,VIX,29.266354
2023-09-25,VIX,23.395866
2023-09-26,VIX,25.196324
2023-09-27,VIX,22.846348
2023-09-28,VIX,21.609415
2023-09-29,VIX,21.830316
2023-10-02,VIX,24.157824
2023-10-03,VIX,20.219037
2023-10-04,VIX,17.217639
2023-10-05,VIX,27.209585
2023-10-06,VIX,29.893293
2023-10-09,VIX,22.460896
2023-10-10,VIX,23.553392
2023-10-11,VIX,25.535715
2023-10-12,VIX,28.377091
2023-10-13,VIX,21.132141
2023-10-16,VIX,29.772251
2023-10-17,VIX,16.603834
2023-10-18,VIX,26.574897
2023-10-19,VIX,19.540527
2023-10-20,VIX,20.545856
2023-10-23,VIX,24.939428
2023-10-24,VIX,22.101582
2023-10-25,VIX,20.871740
2023-10-26,VIX,16.824648
2023-10-27,VIX,22.636576
2023-10-30,VIX,23.326103
2023-10-31,VIX,18.189196
2023-11-01,VIX,32.955792
2023-11-02,VIX,21.951118
2023-11-03,VIX,15.438966
2023-11-06,VIX,29.685997
2023-11-07,VIX,31.570899
2023-11-08,VIX,19.196113
2023-11-09,VIX,23.277026
2023-11-10,VIX,17.941666
2023-11-13,VIX,19.403002
2023-11-14,VIX,24.735913
2023-11-15,VIX,18.785489
2023-11-16,VIX,20.689381
2023-11-17,VIX,20.246774
2023-11-20,VIX,19.991472
2023-11-21,VIX,22.870229
2023-11-22,VIX,23.262984
2023-11-23,VIX,21.692288
2023-11-24,VIX,25.682380
2023-11-27,VIX,19.905188
2023-11-28,VIX,22.829240
2023-11-29,VIX,20.041288
2023-11-30,VIX,21.067852
2023-12-01,VIX,25.035468
2023-12-04,VIX,25.434686
2023-12-05,VIX,17.633526
2023-12-06,VIX,14.154933
2023-12-07,VIX,22.683099
2023-12-08,VIX,21.412255
2023-12-11,VIX,22.486012
2023-12-12,VIX,27.833280
2023-12-13,VIX,20.875196
2023-12-14,VIX,18.210519
2023-12-15,VIX,19.224536
2023-12-18,VIX,18.897259
2023-12-19,VIX,24.091644
2023-12-20,VIX,18.236600
2023-12-21,VIX,17.820368
2023-12-22,VIX,31.844269
2023-12-25,VIX,20.856175
2023-12-26,VIX,23.720337
2023-12-27,VIX,27.376629
2023-12-28,VIX,19.836236
2023-12-29,VIX,20.711025
2024-01-01,VIX,20.689196
2024-01-02,VIX,23.109626
2024-01-03,VIX,27.334392
2024-01-04,VIX,26.835993
2024-01-05,VIX,20.981806
2024-01-08,VIX,18.621935
2024-01-09,VIX,21.571612
2024-01-10,VIX,19.872388
2024-01-11,VIX,16.034443
2024-01-12,VIX,23.585250
2024-01-15,VIX,27.434974
2024-01-16,VIX,18.031486
2024-01-17,VIX,28.364411
2024-01-18,VIX,22.656537
2024-01-19,VIX,21.443028
2024-01-22,VIX,28.085434
2024-01-23,VIX,21.385403
2024-01-24,VIX,23.332189
2024-01-25,VIX,20.647090
2024-01-26,VIX,24.943619
2024-01-29,VIX,26.698293
2024-01-30,VIX,21.640625
2024-01-31,VIX,29.979287
2024-02-01,VIX,26.369915
2024-02-02,VIX,22.944912
2024-02-05,VIX,27.195273
2024-02-06,VIX,15.586821
2024-02-07,VIX,21.857585
2024-02-08,VIX,19.551153
2024-02-09,VIX,19.897708
2024-02-12,VIX,16.728245
2024-02-13,VIX,20.448412
2024-02-14,VIX,19.969325
2024-02-15,VIX,21.930625
2024-02-16,VIX,27.098537
2024-02-19,VIX,23.889294
2024-02-20,VIX,27.926575
2024-02-21,VIX,23.584492
2024-02-22,VIX,22.502615
2024-02-23,VIX,24.168241
2024-02-26,VIX,24.254315
2024-02-27,VIX,20.856815
2024-02-28,VIX,27.325777
2024-02-29,VIX,19.121792
2024-03-01,VIX,30.742121
2024-03-04,VIX,25.948379
2024-03-05,VIX,17.568497
2024-03-06,VIX,29.115758
2024-03-07,VIX,18.617733
2024-03-08,VIX,23.940211
2024-03-11,VIX,29.820181
2024-03-12,VIX,21.712907
2024-03-13,VIX,30.630477
2024-03-14,VIX,22.606069
2024-03-15,VIX,21.300288
2024-03-18,VIX,19.213116
2024-03-19,VIX,18.195988
2024-03-20,VIX,19.005661
2024-03-21,VIX,17.378641
2024-03-22,VIX,19.898571
2024-03-25,VIX,26.801285
2024-03-26,VIX,20.633079
2024-03-27,VIX,23.169575
2024-03-28,VIX,19.812081
2024-03-29,VIX,28.567084
2024-04-01,VIX,24.531057
2024-04-02,VIX,19.406353
2024-04-03,VIX,21.117185
2024-04-04,VIX,28.275630
2024-04-05,VIX,22.956767
2024-04-08,VIX,19.417393
2024-04-09,VIX,23.279821
2024-04-10,VIX,21.730008
2024-04-11,VIX,20.788668
2024-04-12,VIX,18.380016
2024-04-15,VIX,22.643708
2024-04-16,VIX,21.391384
2024-04-17,VIX,21.035812
2024-04-18,VIX,21.102480
2024-04-19,VIX,19.256838
2024-04-22,VIX,29.717437
2024-04-23,VIX,21.392412
2024-04-24,VIX,24.427959
2024-04-25,VIX,18.764910
2024-04-26,VIX,18.481888
2024-04-29,VIX,20.960543
2024-04-30,VIX,21.167381
2024-05-01,VIX,22.729047
2024-05-02,VIX,29.671323
2024-05-03,VIX,16.359183
2024-05-06,VIX,20.523680
2024-05-07,VIX,27.699422
2024-05-08,VIX,24.449472
2024-05-09,VIX,20.107759
2024-05-10,VIX,24.331947
2024-05-13,VIX,26.665464
2024-05-14,VIX,16.187863
2024-05-15,VIX,28.448498
2024-05-16,VIX,22.394418
2024-05-17,VIX,20.231805
2024-05-20,VIX,17.496657
2024-05-21,VIX,19.822177
2024-05-22,VIX,28.059111
2024-05-23,VIX,18.797700
2024-05-24,VIX,27.351182
2024-05-27,VIX,24.773614
2024-05-28,VIX,18.354010
2024-05-29,VIX,21.606868
2024-05-30,VIX,24.558369
2024-05-31,VIX,23.362611
2024-06-03,VIX,33.955158
2024-06-04,VIX,18.832108
2024-06-05,VIX,19.159073
2024-06-06,VIX,17.011625
2024-06-07,VIX,24.088302
2024-06-10,VIX,21.537410
2024-06-11,VIX,19.388516
2024-06-12,VIX,20.497804
2024-06-13,VIX,21.332760
2024-06-14,VIX,26.238387
2024-06-17,VIX,22.478869
2024-06-18,VIX,18.222410
2024-06-19,VIX,28.130338
2024-06-20,VIX,28.888012
2024-06-21,VIX,27.229378
2024-06-24,VIX,28.926491
2024-06-25,VIX,31.618798
2024-06-26,VIX,31.347033
2024-06-27,VIX,33.574481
2024-06-28,VIX,21.686078
2024-07-01,VIX,23.686396
2024-07-02,VIX,20.984529
2024-07-03,VIX,27.650730
2024-07-04,VIX,24.405270
2024-07-05,VIX,18.015771
2024-07-08,VIX,22.854659
2024-07-09,VIX,27.316165
2024-07-10,VIX,19.882370
2024-07-11,VIX,28.166046
2024-07-12,VIX,21.100462
2024-07-15,VIX,18.103046
2024-07-16,VIX,24.412878
2024-07-17,VIX,19.990046
2024-07-18,VIX,26.968886
2024-07-19,VIX,26.443614
2024-07-22,VIX,20.431322
2024-07-23,VIX,23.389325
2024-07-24,VIX,20.533116
2024-07-25,VIX,20.799416
2024-07-26,VIX,18.651771
2024-07-29,VIX,22.102408
2024-07-30,VIX,21.126045
2024-07-31,VIX,22.803131
2024-08-01,VIX,30.567548
2024-08-02,VIX,20.328743
2024-08-05,VIX,17.571316
2024-08-06,VIX,25.297938
2024-08-07,VIX,21.399488
2024-08-08,VIX,25.468584
2024-08-09,VIX,20.264188
2024-08-12,VIX,25.850811
2024-08-13,VIX,26.434472
2024-08-14,VIX,26.059656
2024-08-15,VIX,23.195614
2024-08-16,VIX,22.385453
2024-08-19,VIX,20.725227
2024-08-20,VIX,21.281195
2024-08-21,VIX,20.559632
2024-08-22,VIX,19.098560
2024-08-23,VIX,17.406012
2024-08-26,VIX,19.432376
2024-08-27,VIX,28.365830
2024-08-28,VIX,18.347722
2024-08-29,VIX,25.076985
2024-08-30,VIX,19.671494
2024-09-02,VIX,17.062814
2024-09-03,VIX,20.079551
2024-09-04,VIX,18.549928
2024-09-05,VIX,19.480362
2024-09-06,VIX,25.119688
2024-09-09,VIX,22.502466
2024-09-10,VIX,19.450252
2024-09-11,VIX,19.711939
2024-09-12,VIX,24.360557
2024-09-13,VIX,20.708101
2024-09-16,VIX,25.270349
2024-09-17,VIX,20.001635
2024-09-18,VIX,25.772498
2024-09-19,VIX,28.841718
2024-09-20,VIX,21.997426
2024-09-23,VIX,20.802918
2024-09-24,VIX,22.166488
2024-09-25,VIX,30.684319
2024-09-26,VIX,20.362347
2024-09-27,VIX,20.548830
2024-09-30,VIX,20.067061
2024-10-01,VIX,20.953794
2024-10-02,VIX,23.300250
2024-10-03,VIX,24.923492
2024-10-04,VIX,26.144486
2024-10-07,VIX,27.297149
2024-10-08,VIX,23.404194
2024-10-09,VIX,19.408235
2024-10-10,VIX,20.249658
2024-10-11,VIX,21.162593
2024-10-14,VIX,18.715656
2024-10-15,VIX,29.976116
2024-10-16,VIX,28.128141
2024-10-17,VIX,26.793999
2024-10-18,VIX,23.011561
2024-10-21,VIX,25.241588
2024-10-22,VIX,24.159800
2024-10-23,VIX,20.752575
2024-10-24,VIX,23.077379
2024-10-25,VIX,18.596131
2024-10-28,VIX,22.512989
2024-10-29,VIX,20.928480
2024-10-30,VIX,28.927133
2024-10-31,VIX,20.340496
2024-11-01,VIX,23.131177
2024-11-04,VIX,24.536113
2024-11-05,VIX,22.796344
2024-11-06,VIX,21.900126
2024-11-07,VIX,24.276339
2024-11-08,VIX,20.963498
2024-11-11,VIX,19.291242
2024-11-12,VIX,16.873920
2024-11-13,VIX,19.657362
2024-11-14,VIX,20.448551
2024-11-15,VIX,28.280916
2024-11-18,VIX,19.160467
2024-11-19,VIX,19.793291
2024-11-20,VIX,18.508443
2024-11-21,VIX,21.177272
2024-11-22,VIX,18.552852
2024-11-25,VIX,25.048259
2024-11-26,VIX,33.628786
2024-11-27,VIX,29.416770
2024-11-28,VIX,21.046232
2024-11-29,VIX,25.511075
2024-12-02,VIX,18.537577
2024-12-03,VIX,19.173955
2024-12-04,VIX,29.811387
2024-12-05,VIX,17.963558
2024-12-06,VIX,30.773012
2024-12-09,VIX,22.383654
2024-12-10,VIX,22.978304
2024-12-11,VIX,20.575566
2024-12-12,VIX,22.333464
2024-12-13,VIX,19.936452
2024-12-16,VIX,26.570149
2024-12-17,VIX,32.277142
2024-12-18,VIX,19.233658
2024-12-19,VIX,24.309478
2024-12-20,VIX,20.027411
2024-12-23,VIX,20.911050
2024-12-24,VIX,20.345727
2024-12-25,VIX,18.958527
2024-12-26,VIX,17.475674
2024-12-27,VIX,20.715970
2024-12-30,VIX,22.823793
2024-12-31,VIX,24.703569
2025-01-01,VIX,22.027154
2025-01-02,VIX,18.181486
2025-01-03,VIX,26.208804
2025-01-06,VIX,24.798414
2025-01-07,VIX,18.470364
2025-01-08,VIX,30.775218
2025-01-09,VIX,26.332213
2025-01-10,VIX,15.549668
2025-01-13,VIX,19.309413
2025-01-14,VIX,21.942937
2025-01-15,VIX,26.472295
2025-01-16,VIX,21.636552
2025-01-17,VIX,20.995562
2025-01-20,VIX,17.919805
2025-01-21,VIX,24.113150
2025-01-22,VIX,17.851862
2025-01-23,VIX,22.363021
2025-01-24,VIX,19.193263
2025-01-27,VIX,16.832038
2025-01-28,VIX,18.654492
2025-01-29,VIX,20.942538
2025-01-30,VIX,22.721477
2025-01-31,VIX,23.180862
2025-02-03,VIX,16.463691
2025-02-04,VIX,18.310510
2025-02-05,VIX,22.241984
2025-02-06,VIX,21.627180
2025-02-07,VIX,18.928516
2025-02-10,VIX,27.705671
2025-02-11,VIX,21.877743
2025-02-12,VIX,23.814327
2025-02-13,VIX,23.265957
2025-02-14,VIX,26.044678
2025-02-17,VIX,15.956936
2025-02-18,VIX,18.077152
2025-02-19,VIX,28.872643
2025-02-20,VIX,24.218240
2025-02-21,VIX,22.209561
2025-02-24,VIX,24.805972
2025-02-25,VIX,25.148262
2025-02-26,VIX,20.861799
2025-02-27,VIX,20.402951
2025-02-28,VIX,25.910593
2025-03-03,VIX,31.941567
2025-03-04,VIX,18.692162
2025-03-05,VIX,22.620531
2025-03-06,VIX,20.417621
2025-03-07,VIX,17.957445
2025-03-10,VIX,17.159541
2025-03-11,VIX,27.563057
2025-03-12,VIX,23.895561
2025-03-13,VIX,22.959631
2025-03-14,VIX,23.403546
2025-03-17,VIX,17.322622
2025-03-18,VIX,19.339594
2025-03-19,VIX,26.817833
2025-03-20,VIX,19.422496
2025-03-21,VIX,32.406663
2025-03-24,VIX,16.084590
2025-03-25,VIX,21.532732
2025-03-26,VIX,19.553987
2025-03-27,VIX,21.026857
2025-03-28,VIX,25.589583
2025-03-31,VIX,22.755542
2025-04-01,VIX,24.245995
2025-04-02,VIX,26.466693
2025-04-03,VIX,21.321307
2025-04-04,VIX,25.184666
2025-04-07,VIX,21.907335
2025-04-08,VIX,24.328051
2025-04-09,VIX,26.345852
2025-04-10,VIX,24.178579
2025-04-11,VIX,19.398243
2025-04-14,VIX,25.941128
2025-04-15,VIX,21.761216
2025-04-16,VIX,21.774142
2025-04-17,VIX,17.333088
2025-04-18,VIX,27.552268
2025-04-21,VIX,19.335239
2025-04-22,VIX,28.103723
2025-04-23,VIX,23.864879
2025-04-24,VIX,29.030502
2025-04-25,VIX,22.557904
2025-04-28,VIX,18.992884
2025-04-29,VIX,23.802303
2025-04-30,VIX,18.179413
2025-05-01,VIX,27.504119
2025-05-02,VIX,36.915431
2025-05-05,VIX,25.078287
2025-05-06,VIX,19.423870
2025-05-07,VIX,22.108519
2025-05-08,VIX,26.541842
2025-05-09,VIX,21.595886
2025-05-12,VIX,19.946605
2025-05-13,VIX,25.761491
2025-05-14,VIX,19.940532
2025-05-15,VIX,30.111275
2025-05-16,VIX,26.142446
2025-05-19,VIX,14.318707
2025-05-20,VIX,17.955735
2025-05-21,VIX,22.427454
2025-05-22,VIX,18.514167
2025-05-23,VIX,18.697972
2025-05-26,VIX,26.560952
2025-05-27,VIX,24.014708
2025-05-28,VIX,21.044249
2025-05-29,VIX,19.249358
2025-05-30,VIX,18.701478
2025-06-02,VIX,18.851144
2025-06-03,VIX,27.484565
2025-06-04,VIX,17.772825
2025-06-05,VIX,19.638182
2025-06-06,VIX,31.800156
2025-06-09,VIX,24.925834
2025-06-10,VIX,25.256242
2025-06-11,VIX,21.838688
2025-06-12,VIX,35.471631
2025-06-13,VIX,19.185234
2025-06-16,VIX,24.113765
2025-06-17,VIX,27.641187
2025-06-18,VIX,20.136909
2025-06-19,VIX,19.814596
2025-06-20,VIX,24.247290
2025-06-23,VIX,23.271930
2025-06-24,VIX,24.936519
2025-06-25,VIX,24.478558
2025-06-26,VIX,26.105753
2025-06-27,VIX,22.179945
2025-06-30,VIX,17.999912
2025-07-01,VIX,20.860982
2025-07-02,VIX,17.778290
2025-07-03,VIX,27.294465
2025-07-04,VIX,17.777450
2025-07-07,VIX,27.920471
2025-07-08,VIX,22.490941
2025-07-09,VIX,23.635469
2025-07-10,VIX,23.148464
2025-07-11,VIX,16.915320
2025-07-14,VIX,19.497669
2025-07-15,VIX,22.430650
2025-07-16,VIX,21.726094
2025-07-17,VIX,26.077570
2025-07-18,VIX,20.422294
2025-07-21,VIX,21.906792
2025-07-22,VIX,23.828529
2025-07-23,VIX,25.137144
2025-07-24,VIX,24.042896
2025-07-25,VIX,32.661668
2025-07-28,VIX,20.571467
2025-07-29,VIX,26.529716
2025-07-30,VIX,22.013168
2025-07-31,VIX,18.596010
2025-08-01,VIX,20.722439
2025-08-04,VIX,19.923278
2025-08-05,VIX,19.713092
2025-08-06,VIX,28.411814
2025-08-07,VIX,26.523637
2025-08-08,VIX,28.062842
2025-08-11,VIX,23.910606
2025-08-12,VIX,24.023649
2025-08-13,VIX,23.460403
2025-08-14,VIX,29.759945
2025-08-15,VIX,22.149053
2025-08-18,VIX,21.115138
2025-08-19,VIX,20.598140
2025-08-20,VIX,17.136155
2025-08-21,VIX,27.277185
2025-08-22,VIX,31.916634
2025-08-25,VIX,24.231165
2025-08-26,VIX,28.265783
2025-08-27,VIX,23.868663
2025-08-28,VIX,20.932040
2025-08-29,VIX,23.030134
2025-09-01,VIX,22.242442
2025-09-02,VIX,23.752194
2025-09-03,VIX,26.048361
2025-09-04,VIX,19.609507
2025-09-05,VIX,21.560089
2025-09-08,VIX,19.463089
2025-09-09,VIX,19.901776
2025-09-10,VIX,25.471781
2025-09-11,VIX,23.199302
2025-09-12,VIX,19.420374
2025-09-15,VIX,19.425338
2025-09-16,VIX,22.896517
2025-09-17,VIX,23.048178
2025-09-18,VIX,19.908985
2025-09-19,VIX,18.608007
2025-09-22,VIX,26.236190
2025-09-23,VIX,19.043960
2025-09-24,VIX,24.602262
2025-09-25,VIX,23.552874
2025-09-26,VIX,20.366246
2025-09-29,VIX,26.633316
2025-09-30,VIX,19.677328
2025-10-01,VIX,18.822353
2025-10-02,VIX,17.920040
2025-10-03,VIX,27.218501
2025-10-06,VIX,16.218186
2025-10-07,VIX,23.767209
2025-10-08,VIX,23.207094
2025-10-09,VIX,28.322396
2025-10-10,VIX,27.104297
2025-10-13,VIX,18.922030
2025-10-14,VIX,27.606789
2025-10-15,VIX,19.783017
2025-10-16,VIX,20.922687
2025-10-17,VIX,18.455911
2025-10-20,VIX,20.528290
2025-10-21,VIX,22.329219
2025-10-22,VIX,24.777381
2025-10-23,VIX,18.637867
2025-10-24,VIX,23.925505
2025-10-27,VIX,23.547342
2025-10-28,VIX,20.704196
2025-10-29,VIX,17.641425
2025-10-30,VIX,26.506703
2025-10-31,VIX,21.373500
2025-11-03,VIX,23.578792
2025-11-04,VIX,29.949822
2025-11-05,VIX,18.922095
2025-11-06,VIX,17.956238
2025-11-07,VIX,27.413968
2025-11-10,VIX,17.109399
2025-11-11,VIX,35.609196
2025-11-12,VIX,24.812350
2025-11-13,VIX,16.445329
2025-11-14,VIX,28.242758
2025-11-17,VIX,29.716315
2025-11-18,VIX,18.932425
2025-11-19,VIX,26.672797
2025-11-20,VIX,23.551123
2025-11-21,VIX,22.781171
2025-11-24,VIX,19.680222
2025-11-25,VIX,17.040615
2025-11-26,VIX,19.203194
2025-11-27,VIX,20.649310
2025-11-28,VIX,25.948196
2025-12-01,VIX,17.588358
2025-12-02,VIX,25.973420
2025-12-03,VIX,21.925239
2025-12-04,VIX,19.757070
2025-12-05,VIX,24.530418
2025-12-08,VIX,23.221441
2025-12-09,VIX,22.849014
2025-12-10,VIX,18.612966
2025-12-11,VIX,23.519098
2025-12-12,VIX,16.415077
2025-12-15,VIX,20.794711
2025-12-16,VIX,19.172015
2025-12-17,VIX,21.410218
2025-12-18,VIX,22.644141
2025-12-19,VIX,19.642382
2025-12-22,VIX,23.054158
2025-12-23,VIX,25.023201
2025-12-24,VIX,24.934138
2025-12-25,VIX,20.780974
2025-12-26,VIX,19.189795
2025-12-29,VIX,23.057345
2025-12-30,VIX,24.942396
2025-12-31,VIX,19.127361
